question_id,access_level,response_type,model_name,rank,score,reasoning
0,user1,KG_ONLY,mistral-small_24b,1,10,"This response is the most accurate and complete, providing a thorough exploration of CoRAG's functionalities compared to traditional RAG. It effectively addresses the question by detailing how CoRAG's iterative retrieval, contextual awareness, and query refinement facilitate multi-hop reasoning. It is well-organized, breaking down complex concepts into digestible segments, and maintaining clarity throughout. Additionally, it appropriately references the limitations of traditional RAG architectures."
0,user1,KG_ONLY,qwen2.5_7b,2,8,"This response provides a good overview of CoRAG's enhancements over traditional RAG, particularly in relation to multi-hop reasoning. While it is accurate and coherent, the level of detail is slightly less comprehensive than that of the top-ranked response. The explanation of the mechanisms within CoRAG could have been more expansive, which would improve completeness. Nonetheless, it remains relevant and well-structured."
0,user1,KG_ONLY,qwen2.5_3b,3,7,"This response effectively covers the differences between CoRAG and traditional RAG, particularly focusing on the integration of context ranking and retrieval. However, while it discusses the benefits of this integration, it lacks specific details about the mechanisms and processes involved, making it less comprehensive. There is also the confusion regarding the spelling of CoRAG, which detracts from clarity. Still, the main ideas are conveyed clearly."
0,user1,KG_ONLY,deepseek-r1_1.5b,4,6,"This response attempts to explain the differences using a relevant context of graph neural networks and co-expression data. However, it introduces unnecessary complexity and focuses too much on niche details that might confuse readers unfamiliar with the subject. While some points about CoRAG are valid, the lack of clarity and coherence, coupled with excessive technical detail, diminishes its effectiveness as a response."
0,user1,KG_ONLY,deepseek-r1_32b,5,5,"This response raises several valid points regarding CoRAG's capabilities but ultimately lacks specificity and depth. It reads more like an internal thought process than a definitive answer. The exploration of CoRAG is somewhat superficial, omitting key details about its mechanisms and structures compared to traditional RAG. Additionally, the attempt to contextualize its arguments sometimes leads to confusion, decreasing overall clarity and coherence."
1,user1,KG_ONLY,mistral-small_24b,1,10,"This response provides a thorough and systematic analysis of confirmation bias in automated rejection sampling. It correctly identifies mechanisms like selection bias, overfitting, and lack of diversity as drivers of confirmation bias while also comparing these insights to the strengths of human-annotated reasoning chains. The use of headings aids clarity and organization, and the conclusion emphasizes the integration of both methods with safeguards, demonstrating a high level of completeness and accuracy."
1,user1,KG_ONLY,qwen2.5_7b,2,9,"This response offers quality insights into the potential for confirmation bias in automated rejection sampling and contrasts it effectively with human-annotated reasoning. The mention of the flexibility of human reasoning versus the rigidity of automated rules is notable. However, while the answer is coherent and relevant, it lacks the detailed breakdown of specific biases and mitigation strategies found in the top response, which affects its completeness slightly."
1,user1,KG_ONLY,deepseek-r1_32b,3,8,"This response shows a strong understanding of the topic and provides good distinction between automated and human methods in addressing confirmation bias. It successfully highlights both sides’ risks and allows for reflections on the potential for bias. However, while it carries valuable insights, the organization is less structured compared to the higher-ranked responses, which diminishes overall clarity and coherence."
1,user1,KG_ONLY,deepseek-r1_1.5b,4,7,"This response contains relevant ideas about automated rejection sampling and bias, as well as comparison with human-annotated reasoning. However, it is somewhat verbose, which detracts from clarity and can confuse the reader. The understanding of concepts is good, but it doesn't demonstrate the same depth of analysis or specificity in addressing confirmation bias as the higher-ranked responses. Additionally, the connection of ideas could be improved for better coherence."
1,user1,KG_ONLY,qwen2.5_3b,5,6,"While this response attempts to relate the question's concepts, it ultimately lacks depth in the explanation of confirmation bias and the comparison with human-annotated reasoning. The use of context is less effective since it remains speculative and does not directly address the nuances required in analyzing the methods in question. Overall, it presents a somewhat abstract response that appears disconnected from the concrete details expected in a comprehensive analysis."
2,user1,KG_ONLY,mistral-small_24b,1,9,"This response provides a thorough analysis of various factors contributing to the performance inconsistency of models across different datasets. It effectively discusses dataset characteristics, model architectures, retrieval mechanisms, evaluation metrics, training data, and contextual understanding, covering a broad range of relevant points. The clarity and logical flow of the arguments enhance its coherence, making it the most comprehensive response."
2,user1,KG_ONLY,deepseek-r1_32b,2,8,"The response presents a well-structured analysis that clearly distinguishes between the requirements of different tasks and the architectures of the models. It effectively highlights how these factors lead to performance variations. However, while comprehensive, some explanations could be simplified for clarity, and it would benefit from more concrete examples referenced from the data provided."
2,user1,KG_ONLY,qwen2.5_7b,3,7,This response offers a valid analysis but lacks the depth seen in the top two responses. It correctly identifies the tailored nature of model implementations affecting performance but could benefit from more concrete explanations about the datasets and how specific model features contribute to outcomes. The references to data support the claims but could be better integrated into the argumentation for enhanced clarity.
2,user1,KG_ONLY,deepseek-r1_1.5b,4,5,"While the response demonstrates critical thinking about the models' performances, it lacks a structured approach and relies heavily on speculative reasoning. It does not adequately address specific features of the models or datasets, which diminishes completeness. Additionally, the informal 'think' format detracts from the clarity and coherence expected in such evaluations, making it less effective than higher-ranked responses."
2,user1,KG_ONLY,qwen2.5_3b,5,4,"This response provides general observations but lacks depth and detailed analysis. It leans too much on speculation rather than addressing specific model features or dataset characteristics that could explain performance differences. Additionally, it does not clearly tie in the available data references to support arguments, which results in a less coherent answer overall."
3,user1,KG_ONLY,mistral-small_24b,1,9,"This response provides a comprehensive analysis of the factors contributing to the performance differences between CoRAG and Atlas-11B on the FEVER dataset. It accurately discusses task-specific adaptation, retrieval quality, model architecture, data characteristics, evaluation metrics, and generalization versus specialization. The clarity and organization of points make it easy to follow, and all points are relevant to the question. The details provided reflect a deep understanding of the models and their performance nuances."
3,user1,KG_ONLY,qwen2.5_7b,2,8,"This response effectively elucidates the performance discrepancies between CoRAG and Atlas-11B on the FEVER dataset. It highlights task-specific limitations, the strengths of each model, and the implications for fact verification. While it offers a strong argument, it could be improved by including a bit more detail about specific mechanisms that might contribute to the observed performance differences. Nonetheless, it is well-organized and relevant."
3,user1,KG_ONLY,qwen2.5_3b,3,7,"The response provides a solid overview of the models and discusses performance discrepancies effectively. It emphasizes the significance of task-specific evaluation and notes CoRAG's potential shortcomings in fine-tuning for fact verification. However, it relies somewhat on general claims without delving as deeply into the mechanisms at play as the top two responses. The organization is good, but some points are less developed."
3,user1,KG_ONLY,deepseek-r1_32b,4,6,"This response explores multiple factors that could explain CoRAG's underperformance, touching on evidence retrieval accuracy, nuanced reasoning, and integration issues. While the analysis is thoughtful, it sometimes lacks clarity and coherence, making it challenging to follow. The technical terminology and long form may confuse the reader instead of facilitating understanding. Additionally, there's a reliance on assumptions more than established facts."
3,user1,KG_ONLY,deepseek-r1_1.5b,5,5,"The response begins with incorrect assumptions about the purpose and functioning of both CoRAG and FEVER, which significantly undermines its factual accuracy. The analysis is unclear, and it lacks both clarity and coherence in presenting ideas. Although it attempts to decipher the models' capabilities, it strays into convoluted explanations that detract from the main questions posed by the performance discrepancies."
4,user1,KG_ONLY,mistral-small_24b,1,9,"This response is the most comprehensive and addresses multiple safeguards against exponential compute costs effectively. It clearly outlines practical strategies such as token limitation, efficient tokenization, hardware acceleration, and public cloud strategies. The clarity and structured approach provide a clear connection to the question posed."
4,user1,KG_ONLY,qwen2.5_7b,2,8,"While this response offers valuable insights into computational safeguards, it lacks the breadth and specificity of the previous answer. It discusses advanced hardware and model optimizations effectively, focusing on efficiency without explicitly detailing certain safeguards like dynamic scaling or rate limits. Overall, it is coherent and relevant, but slightly less comprehensive."
4,user1,KG_ONLY,deepseek-r1_32b,3,7,"This response demonstrates a solid understanding of the underlying mechanisms of a log-linear relationship. However, it tends to be more verbose and speculative while jumping between theoretical foundations and practical implications. It covers safeguards but lacks the structured approach found in the top two responses, which affects its clarity and coherence."
4,user1,KG_ONLY,deepseek-r1_1.5b,4,6,This response is characterized by a thinking process reflecting an analytical approach but ultimately falls short of providing concrete answers to the actual safeguards available. Its speculative nature and lack of concrete solutions diminish its factual correctness and completeness relative to the question's demands. It also strays into tangents that do not directly answer the inquiry.
4,user1,KG_ONLY,qwen2.5_3b,5,5,"This response fails to directly address the question about safeguards and instead discusses general concepts related to compute costs, lacking specificity and practical examples. It acknowledges the limitations of the data provided but does not offer effective resolution strategies for managing exponential compute costs, ultimately making it less relevant and comprehensive."
5,user1,KG_ONLY,mistral-small_24b,1,9,"This response accurately addresses the question about the nature of CoRAG's gains across different retrieval models, presenting well-reasoned ideas about both compensation and synergy. It clearly explains relevant concepts and maintains coherence. The completeness of the answer is strong, highlighting empirical evidence as crucial for conclusions. It effectively balances detail with clarity while providing context about the models."
5,user1,KG_ONLY,qwen2.5_7b,2,8,"This response offers a clear overview of the limitations in the provided data regarding CoRAG and its relationships with different retrievers. The analysis is logical, but it leans heavily on the lack of evidence rather than exploring what CoRAG might imply. While accurate and well-structured, it lacks depth in discussing potential mechanisms or implications of those findings relative to the question compared to the top response."
5,user1,KG_ONLY,deepseek-r1_32b,3,7,"This response contains a thorough breakdown of the concepts involved, discussing both compensation and synergy. However, it is overly verbose, making some ideas less coherent than necessary. While it reflects understanding and consideration of nuances, it somewhat loses clarity among the multiple angles explored, leading to a less direct response to the question."
5,user1,KG_ONLY,qwen2.5_3b,4,6,"This answer effectively notes the limitations of the provided data but does not sufficiently engage with the concepts of compensation and synergy as asked. While accurate and relevant, it lacks depth in analysis and does not propose any mechanisms or capabilities of CoRAG that could provide insight, making it less complete and engaging than others."
5,user1,KG_ONLY,deepseek-r1_1.5b,5,5,"While the response explores several nuanced points about CoRAG, it ultimately relies heavily on hypothetical reasoning without sufficient grounding in context. The convoluted thought process detracts from clarity and coherence, making it challenging to follow. It engages with potential mechanisms but without clear relevance to the question's focus on whether CoRAG compensates or synergizes, thus scoring the lowest for relevance."
6,user1,KG_ONLY,qwen2.5_7b,1,9,"This response provides an in-depth and thorough analysis of how iterative rejection sampling improves performance on 2WikiMultihopQA while degrading performance on other datasets. It effectively breaks down the reasons, emphasizing specific factors such as complexity, data specificity, and algorithmic limitations. The mention of diminishing returns is well articulated, and the overall structure is logical and coherent. It also appropriately references data to support claims, making it relevant and complete."
6,user1,KG_ONLY,mistral-small_24b,2,8,"This response gives a comprehensive overview of why iterative rejection sampling is effective for 2WikiMultihopQA while underperforming on other datasets. The explanations regarding complexity, error propagation, and overfitting are pertinent and well elaborated. However, the analysis, while detailed, lacks the depth and reference support provided in the top-ranked response. Overall, it is clear and relevant but not quite as exhaustive."
6,user1,KG_ONLY,qwen2.5_3b,3,7,"This answer presents a good summary of the situation, touching on key points such as diminishing returns and the context of iterative rejection sampling. However, it lacks the depth of analysis and specific examples found in the higher-ranked responses. The clarity is decent but less structured, and it could benefit from more detailed breakdowns on why certain datasets fail to benefit from the method. Still, it remains relevant and mostly coherent."
6,user1,KG_ONLY,deepseek-r1_1.5b,4,6,"This response provides a thoughtful analysis but suffers from a lack of clarity and coherence, as it appears more exploratory and less structured than the previous examples. While it raises valid points about dependency structures and the nature of different datasets, it doesn’t succinctly tie these observations back to the main question. It also feels somewhat disorganized, which affects its overall effectiveness. Moreover, its response could be more focused on rejections specifically related to the datasets mentioned."
6,user1,KG_ONLY,deepseek-r1_32b,5,5,"This response has a similar exploratory tone to the previous one but is even less clear and organized, making it challenging to follow. While it offers some correct insights, the overall argument lacks coherence, and it doesn't effectively synthesize the information in relation to the main question about iterative rejection sampling. There is significant redundancy in reasoning and several vague statements, resulting in somewhat muddled relevance."
7,user1,KG_ONLY,mistral-small_24b,1,9,"This response provides a highly structured approach with a variety of relevant strategies to optimize the trade-off between token reduction and EM scores. It demonstrates a clear understanding of the concepts involved and presents them in a straightforward manner. The completeness of the answer is strong, covering multiple aspects of dynamic optimization and offering practical suggestions for implementation."
7,user1,KG_ONLY,qwen2.5_7b,2,8,"While this response offers a comprehensive approach and utilizes context and relationships effectively, it is slightly less coherent than the first. The strategies outlined are relevant and practical, but some aspects could be clearer in how they relate to the overall objective. The integration of machine learning and real-time adjustments demonstrates good depth, though it lacks some clarity compared to the top-ranked response."
7,user1,KG_ONLY,qwen2.5_3b,3,7,"This response presents a well-thought-out framework for dynamic optimization, with a focus on innovative strategies such as gradient-based reduction and human feedback loops. However, it lacks some clarity and could benefit from additional organization and a more cohesive narrative. While it is relevant and accurate, the explanations may be somewhat dense for the reader."
7,user1,KG_ONLY,deepseek-r1_32b,4,6,"Although this response offers valuable insights and a structured approach, it tends to be overly verbose and lacks the same level of coherence as the top responses. It delves into detailed mechanics of dynamic optimization, but this complexity can make it harder for the reader to parse. Moreover, while it shows good understanding, it doesn't present as many actionable strategies as higher-ranked responses."
7,user1,KG_ONLY,deepseek-r1_1.5b,5,5,"This response begins with an internal thought process but lacks a cohesive presentation of strategies for dynamic optimization. It shows an understanding of key concepts but doesn't clearly translate that understanding into a structured response. The clarity is hindered by excessive introspection rather than actionable advice, making it the least effective at addressing the user's query."
8,user1,KG_ONLY,mistral-small_24b,1,9,"This response provides a thorough and structured overview of the environmental impacts associated with deploying large-scale language models, including energy consumption, carbon footprint, water usage, and e-waste. Each area is clearly defined with relevant examples, showing a comprehensive understanding of the topic. The inclusion of specific assessment methodologies, like Life Cycle Assessment (LCA) and tools for carbon emission calculations, adds depth to the response. The recommendations for mitigation strategies further demonstrate a proactive approach to addressing concerns."
8,user1,KG_ONLY,qwen2.5_7b,2,8,"This response effectively highlights the lack of specific information on environmental impact assessments within the provided data while summarizing common considerations in the development and deployment of large language models. It details the standard practices for evaluating the environmental footprint, including carbon accounting and life cycle analysis, and provides valuable suggestions for further research. However, it lacks the detailed breakdown of specific environmental impacts compared to the top-ranked response."
8,user1,KG_ONLY,deepseek-r1_32b,3,7,"While this response provides a detailed and thoughtful analysis of various environmental considerations related to large-scale AI model deployment, it reads more like brainstorming notes rather than a concise answer. It covers several aspects like energy use and community engagement comprehensively, but the extensive internal thought process could lead to a less coherent final answer. Additionally, while it introduces new considerations, it may stray slightly from the necessity for brevity expected in responses."
8,user1,KG_ONLY,deepseek-r1_1.5b,4,5,"This response inadequately addresses the question concerning environmental impact assessments. It primarily discusses the analysis of the provided data without offering substantial information on the actual environmental impacts of large-scale model deployments. While it attempts to relate certain records to environmental assessments, it ultimately concludes that no explicit assessments are apparent in the data, making it less informative and relevant to the question compared to others."
8,user1,KG_ONLY,qwen2.5_3b,5,4,"This response is similar to that of deepseek-r1_1.5b in that it acknowledges the lack of specific data regarding environmental impact assessments but does not provide a detailed or accurate overview of relevant considerations. While it briefly mentions typical factors involved in such assessments, it lacks depth and clarity. It is also overly cautious in its conclusions, reiterating the limitations of the data rather than enriching the conversation about potential impacts."
9,user1,KG_ONLY,mistral-small_24b,1,9,"This response is the most comprehensive, accurately discussing CoRAG's strengths in knowledge tasks and its limitations in creative domains. It provides structured points that differentiate between knowledge and creativity, lays out potential limitations and benefits of CoRAG, and introduces the idea of hybrid models. The answer is clear, coherent, and highly relevant to the question, demonstrating a deep understanding of the topic."
9,user1,KG_ONLY,qwen2.5_7b,2,7,"This response correctly explains the nature of CoRAG and contrasts it with pure LLMs. However, it lacks the depth and structure seen in the top response, making it less complete. The analysis is mostly accurate but could benefit from a clearer breakdown of the areas where CoRAG might struggle creatively, and it does not explicitly address the potential for hybrid approaches as effectively as the previous response."
9,user1,KG_ONLY,qwen2.5_3b,3,5,"While this response correctly identifies gaps in empirical data to support a definitive comparison, it ultimately lacks a thorough analysis of CoRAG's capabilities in both knowledge and creative tasks. The focus on the absence of evidence detracts from delivering a constructive evaluation, making it less relevant to the question. The completion does not offer sufficient clarity on whether CoRAG could succeed creatively, instead dwelling on the limitations of the dataset."
9,user1,KG_ONLY,deepseek-r1_1.5b,4,4,"This response contains some valid observations about CoRAG but lacks coherence and clarity. It becomes somewhat convoluted as it attempts to analyze the transfer of tasks and integration of knowledge, leaving the reader uncertain about the main conclusion. While it offers insights about retrieval's impact on creativity, the overall structure is confusing and digresses, making it less effective in directly answering the question."
9,user1,KG_ONLY,deepseek-r1_32b,5,3,"This response is overly verbose and lacks a concise focus on the original question. While it explores several relevant aspects of CoRAG's creativity, it does so in a rambling manner that obscures clear conclusions. The points made are repetitive and somewhat off-topic, which impairs clarity and makes it less relevant to the inquiry. Additionally, it fails to adequately address the essential contrasts with pure LLMs."
